AUROC,AUPRC,MCC,Accuracy,F1,threshold,MCC_tuned,Accuracy_tuned,F1_tuned,threshold_tuned,fold,model,featurization,target,split,fp_size
0.9849751382302494,0.9855847370192166,0.854707570748311,0.9272570442783209,0.928022759601707,0.5,0.8568178026754447,0.9284071305347901,0.9283040598905845,0.5025345814094406,0,RF,morgan_count_chiral,R/S_class,train,2048
0.9043767313019391,0.9027335820768893,0.6526677388265522,0.8263157894736842,0.8272251308900523,0.5,0.663304903804207,0.8315789473684211,0.8297872340425532,0.5025345814094406,0,RF,morgan_count_chiral,R/S_class,val,2048
0.9237673130193905,0.9259607628358302,0.626067380418259,0.8105263157894737,0.8217821782178217,0.5,0.635855855098946,0.8157894736842105,0.8258706467661692,0.5025345814094406,0,RF,morgan_count_chiral,R/S_class,test,2048
0.9848380736088271,0.9854691255915482,0.8476137111600001,0.9238067855089132,0.9238286864041391,0.5,0.8202866545522556,0.9048303622771708,0.896530165676774,0.5183878769514223,1,RF,morgan_count_chiral,R/S_class,train,2048
0.9226038781163435,0.925895709786028,0.653537383101465,0.8263157894736842,0.8307692307692308,0.5,0.6968331009159386,0.8421052631578947,0.8255813953488372,0.5183878769514223,1,RF,morgan_count_chiral,R/S_class,val,2048
0.911578947368421,0.9177658337454677,0.6222950141685435,0.8105263157894737,0.8163265306122449,0.5,0.6419407387663695,0.8157894736842105,0.7976878612716763,0.5183878769514223,1,RF,morgan_count_chiral,R/S_class,test,2048
0.9839946880432364,0.9847919680323511,0.8444986235365985,0.9220816561242093,0.9209682123067949,0.5,0.8374145853456781,0.9163312248418631,0.911630731855451,0.5094594610097292,2,RF,morgan_count_chiral,R/S_class,train,2048
0.8993905817174516,0.9039027974009745,0.6005325641789633,0.8,0.8041237113402062,0.5,0.635855855098946,0.8157894736842105,0.8044692737430168,0.5094594610097292,2,RF,morgan_count_chiral,R/S_class,val,2048
0.932409972299169,0.9340303632981126,0.6950835075873721,0.8473684210526315,0.8449197860962567,0.5,0.7190233885442832,0.8578947368421053,0.850828729281768,0.5094594610097292,2,RF,morgan_count_chiral,R/S_class,test,2048
0.9864466401972672,0.9868653651331343,0.860578886566031,0.930132259919494,0.931063829787234,0.5,0.8536704459789352,0.9252443933294997,0.9283351708930541,0.4935200513342519,3,RF,morgan_count_chiral,R/S_class,train,2048
0.9123545706371191,0.914521997479285,0.6631578947368421,0.8315789473684211,0.8315789473684211,0.5,0.6668627162714535,0.8315789473684211,0.84,0.4935200513342519,3,RF,morgan_count_chiral,R/S_class,val,2048
0.8910803324099723,0.8962644944294927,0.601200267925542,0.8,0.8061224489795918,0.5,0.5722702695890515,0.7842105263157895,0.7960199004975125,0.4935200513342519,3,RF,morgan_count_chiral,R/S_class,test,2048
0.9850809541020348,0.985686671545643,0.8528030593039999,0.926394479585969,0.9261822376009228,0.5,0.848433440433708,0.922656699252444,0.9258340226082161,0.48939177471249995,4,RF,morgan_count_chiral,R/S_class,train,2048
0.9130747922437672,0.914670837490082,0.6526677388265522,0.8263157894736842,0.8253968253968254,0.5,0.6822422923379533,0.8368421052631579,0.848780487804878,0.48939177471249995,4,RF,morgan_count_chiral,R/S_class,val,2048
0.9149030470914128,0.9166581060831349,0.6421052631578947,0.8210526315789474,0.8210526315789474,0.5,0.6344324016567204,0.8157894736842105,0.8241206030150754,0.48939177471249995,4,RF,morgan_count_chiral,R/S_class,test,2048
0.9772092452649878,0.9784737051732412,0.8246119822275714,0.9123059229442209,0.9123311296349526,0.5,0.6229017129269112,0.7800460034502588,0.7184394552815605,0.5465815569019872,0,RF,morgan_count_chiral,@/@@_class,train,2048
0.76398891966759,0.7750084748707466,0.3791364586840212,0.6894736842105263,0.6844919786096256,0.5,0.4085297439895141,0.6736842105263158,0.5571428571428572,0.5465815569019872,0,RF,morgan_count_chiral,@/@@_class,val,2048
0.8000554016620498,0.8018835240395727,0.43399002170046974,0.7157894736842105,0.7,0.5,0.3781331444075863,0.6631578947368421,0.5492957746478874,0.5465815569019872,0,RF,morgan_count_chiral,@/@@_class,test,2048
0.9775533121855906,0.9783353224741302,0.8251884828535978,0.9123059229442209,0.9139147615015524,0.5,0.8007798660359418,0.8967797584818862,0.8893682588597843,0.5150439282850677,1,RF,morgan_count_chiral,@/@@_class,train,2048
0.7481440443213296,0.7630755188513976,0.3579145664532705,0.6789473684210526,0.6772486772486772,0.5,0.3979419194568437,0.6894736842105263,0.6335403726708074,0.5150439282850677,1,RF,morgan_count_chiral,@/@@_class,val,2048
0.8036565096952909,0.8198295791687451,0.41134755173852877,0.7052631578947368,0.6956521739130435,0.5,0.42682257003136354,0.7052631578947368,0.6585365853658537,0.5150439282850677,1,RF,morgan_count_chiral,@/@@_class,test,2048
0.9753042288982485,0.9762870586193345,0.8159910558746551,0.9079930994824612,0.9081515499425947,0.5,0.735040879297141,0.8533640023001725,0.83,0.526743941608613,2,RF,morgan_count_chiral,@/@@_class,train,2048
0.7703047091412742,0.7918997110019002,0.38981938376529196,0.6947368421052632,0.6881720430107527,0.5,0.4302822993603817,0.6894736842105263,0.593103448275862,0.526743941608613,2,RF,morgan_count_chiral,@/@@_class,val,2048
0.7598337950138504,0.7822362422814226,0.34744542580220367,0.6736842105263158,0.6770833333333334,0.5,0.39455565443008167,0.6842105263157895,0.6153846153846154,0.526743941608613,2,RF,morgan_count_chiral,@/@@_class,test,2048
0.9755904277639683,0.9766310788499999,0.8194413351806791,0.909718228867165,0.9098737083811711,0.5,0.8087088571891867,0.9025301897642323,0.9069448256931101,0.49245402931031557,3,RF,morgan_count_chiral,@/@@_class,train,2048
0.6922991689750694,0.7018006450881914,0.27932777768580097,0.6368421052631579,0.6698564593301436,0.5,0.2974224913027369,0.6421052631578947,0.6880733944954128,0.49245402931031557,3,RF,morgan_count_chiral,@/@@_class,val,2048
0.8181163434903047,0.8252324708793471,0.4324422979815302,0.7157894736842105,0.7244897959183674,0.5,0.451221794723217,0.7210526315789474,0.7464114832535885,0.49245402931031557,3,RF,morgan_count_chiral,@/@@_class,test,2048
0.9756795445684876,0.9764513486291836,0.8161810830662976,0.9079930994824612,0.9069767441860465,0.5,0.599770488567738,0.7650948821161587,0.6934333958724203,0.5520058217694339,4,RF,morgan_count_chiral,@/@@_class,train,2048
0.7534626038781164,0.7742677212777963,0.365274786204509,0.6789473684210526,0.6432748538011696,0.5,0.3951407567000435,0.6421052631578947,0.45161290322580644,0.5520058217694339,4,RF,morgan_count_chiral,@/@@_class,val,2048
0.7613850415512465,0.735839888814002,0.3501732805729246,0.6736842105263158,0.651685393258427,0.5,0.294267821039378,0.6210526315789474,0.47058823529411764,0.5520058217694339,4,RF,morgan_count_chiral,@/@@_class,test,2048
0.9811393128780231,0.9818728841850255,0.8384440724140001,0.9192064404830362,0.9195533924992843,0.5,0.79794693351494,0.8936170212765957,0.8841577958672511,0.5150755378711964,0,RF,morgan_count_chiral,F/L_class,train,2048
0.8423268698060941,0.8388719720444244,0.4948465155364719,0.7473684210526316,0.75,0.5,0.537168803241925,0.7631578947368421,0.7368421052631579,0.5150755378711964,0,RF,morgan_count_chiral,F/L_class,val,2048
0.8165650969529086,0.8246047736439022,0.43157894736842106,0.7157894736842105,0.7157894736842105,0.5,0.40824829046386296,0.7,0.6666666666666666,0.5150755378711964,0,RF,morgan_count_chiral,F/L_class,test,2048
0.978262113189254,0.9793935278226978,0.8219127662374285,0.9108683151236343,0.9117814456459875,0.5,0.8021505455113184,0.8959171937895342,0.9036208732694355,0.48720297344425995,1,RF,morgan_count_chiral,F/L_class,train,2048
0.8266481994459834,0.8361575729732682,0.4542450641269245,0.7263157894736842,0.7373737373737373,0.5,0.5019011475427825,0.7421052631578947,0.772093023255814,0.48720297344425995,1,RF,morgan_count_chiral,F/L_class,val,2048
0.8572299168975069,0.8499661016510469,0.5476415514324751,0.7736842105263158,0.7700534759358288,0.5,0.5699704467430112,0.7842105263157895,0.7918781725888325,0.48720297344425995,1,RF,morgan_count_chiral,F/L_class,test,2048
0.9800356864027597,0.9809006632942361,0.8309395184666687,0.9154686601495112,0.9155657668006892,0.5,0.728873080422061,0.8484761357101782,0.822499157965645,0.5318902476631938,2,RF,morgan_count_chiral,F/L_class,train,2048
0.8317451523545706,0.8433672041575948,0.47368421052631576,0.7368421052631579,0.7368421052631579,0.5,0.5168318452957714,0.7368421052631579,0.6710526315789473,0.5318902476631938,2,RF,morgan_count_chiral,F/L_class,val,2048
0.8529639889196675,0.8591279742955343,0.5481281277625191,0.7736842105263158,0.7794871794871795,0.5,0.4899789435061114,0.7315789473684211,0.6792452830188679,0.5318902476631938,2,RF,morgan_count_chiral,F/L_class,test,2048
0.9800677618388945,0.9808256015258988,0.832669195603592,0.9163312248418631,0.916162489196197,0.5,0.8250027436224133,0.9100057504312824,0.9146906514036522,0.4890541357596993,3,RF,morgan_count_chiral,F/L_class,train,2048
0.7539612188365651,0.7480722075038599,0.3789683644799335,0.6894736842105263,0.6910994764397905,0.5,0.42640143271122083,0.7105263157894737,0.7317073170731707,0.4890541357596993,3,RF,morgan_count_chiral,F/L_class,val,2048
0.8119113573407202,0.8113337845384113,0.4108907018066591,0.7052631578947368,0.6989247311827957,0.5,0.4477215043467819,0.7210526315789474,0.7414634146341463,0.4890541357596993,3,RF,morgan_count_chiral,F/L_class,test,2048
0.9809333026026406,0.9812812381815146,0.8378400542601635,0.918918918918919,0.9190120620333142,0.5,0.6886454481388042,0.8228867165037378,0.7856645789839944,0.5423427770938195,4,RF,morgan_count_chiral,F/L_class,train,2048
0.8622714681440443,0.8759739120223603,0.5476415514324751,0.7736842105263158,0.7772020725388601,0.5,0.5627724537665066,0.7578947368421053,0.6973684210526315,0.5423427770938195,4,RF,morgan_count_chiral,F/L_class,val,2048
0.8522437673130194,0.8516059217634788,0.5373186100548619,0.7684210526315789,0.7634408602150538,0.5,0.4602765039559337,0.7,0.6013986013986014,0.5423427770938195,4,RF,morgan_count_chiral,F/L_class,test,2048
0.5,0.5,0.0,0.5,0.506946413382478,0.5,0.0,0.5,0.506946413382478,0.5,0,RF,morgan_count_no_chiral,R/S_class,train,2048
0.5,0.5000000000000001,0.0,0.5,0.5497630331753555,0.5,0.0,0.5,0.5497630331753555,0.5,0,RF,morgan_count_no_chiral,R/S_class,val,2048
0.5,0.5000000000000001,0.0,0.5,0.4692737430167598,0.5,0.0,0.5,0.4692737430167598,0.5,0,RF,morgan_count_no_chiral,R/S_class,test,2048
0.5,0.5,0.0,0.5,0.5024320457796853,0.5,0.0,0.5,0.5024320457796853,0.5,1,RF,morgan_count_no_chiral,R/S_class,train,2048
0.5,0.5000000000000001,0.0,0.5,0.5177664974619289,0.5,0.0,0.5,0.5177664974619289,0.5,1,RF,morgan_count_no_chiral,R/S_class,val,2048
0.5,0.5000000000000001,0.0,0.5,0.47513812154696133,0.5,0.0,0.5,0.47513812154696133,0.5,1,RF,morgan_count_no_chiral,R/S_class,test,2048
0.5,0.5,0.0,0.5,0.5004309106578569,0.5,0.0,0.5,0.5004309106578569,0.5,2,RF,morgan_count_no_chiral,R/S_class,train,2048
0.5,0.5000000000000001,0.0,0.5,0.4444444444444444,0.5,0.0,0.5,0.4444444444444444,0.5,2,RF,morgan_count_no_chiral,R/S_class,val,2048
0.5,0.5000000000000001,0.0,0.5,0.4864864864864865,0.5,0.0,0.5,0.4864864864864865,0.5,2,RF,morgan_count_no_chiral,R/S_class,test,2048
0.5,0.5,0.0,0.5,0.49047758570172867,0.5,0.0,0.5,0.49047758570172867,0.5,3,RF,morgan_count_no_chiral,R/S_class,train,2048
0.5,0.5000000000000001,0.0,0.5,0.4508670520231214,0.5,0.0,0.5,0.4508670520231214,0.5,3,RF,morgan_count_no_chiral,R/S_class,val,2048
0.5,0.5000000000000001,0.0,0.5,0.5026178010471204,0.5,0.0,0.5,0.5026178010471204,0.5,3,RF,morgan_count_no_chiral,R/S_class,test,2048
0.49999999999999994,0.5,0.0,0.5,0.5018619306788886,0.5,0.0,0.5,0.5018619306788886,0.5,4,RF,morgan_count_no_chiral,R/S_class,train,2048
0.5,0.5000000000000001,0.0,0.5,0.4973544973544973,0.5,0.0,0.5,0.4973544973544973,0.5,4,RF,morgan_count_no_chiral,R/S_class,val,2048
0.5,0.5000000000000001,0.0,0.5,0.4864864864864865,0.5,0.0,0.5,0.4864864864864865,0.5,4,RF,morgan_count_no_chiral,R/S_class,test,2048
0.5,0.5,0.0,0.5,0.49696268440844665,0.5,0.0,0.5,0.49696268440844665,0.5,0,RF,morgan_count_no_chiral,@/@@_class,train,2048
0.5,0.5000000000000001,0.0,0.5,0.4864864864864865,0.5,0.0,0.5,0.4864864864864865,0.5,0,RF,morgan_count_no_chiral,@/@@_class,val,2048
0.5,0.5000000000000001,0.0,0.5,0.4919786096256685,0.5,0.0,0.5,0.4919786096256685,0.5,0,RF,morgan_count_no_chiral,@/@@_class,test,2048
0.5,0.5,0.0,0.5,0.5119281504350267,0.5,0.0,0.5,0.5119281504350267,0.5,1,RF,morgan_count_no_chiral,@/@@_class,train,2048
0.5,0.5000000000000001,0.0,0.5,0.4808743169398907,0.5,0.0,0.5,0.4808743169398907,0.5,1,RF,morgan_count_no_chiral,@/@@_class,val,2048
0.5,0.5000000000000001,0.0,0.5,0.4692737430167598,0.5,0.0,0.5,0.4692737430167598,0.5,1,RF,morgan_count_no_chiral,@/@@_class,test,2048
0.5,0.5,0.0,0.5,0.506946413382478,0.5,0.0,0.5,0.506946413382478,0.5,2,RF,morgan_count_no_chiral,@/@@_class,train,2048
0.5,0.5000000000000001,0.0,0.5,0.5026178010471204,0.5,0.0,0.5,0.5026178010471204,0.5,2,RF,morgan_count_no_chiral,@/@@_class,val,2048
0.5,0.5000000000000001,0.0,0.5,0.4632768361581921,0.5,0.0,0.5,0.4632768361581921,0.5,2,RF,morgan_count_no_chiral,@/@@_class,test,2048
0.5,0.5,0.0,0.5,0.49754406240970817,0.5,0.0,0.5,0.49754406240970817,0.5,3,RF,morgan_count_no_chiral,@/@@_class,train,2048
0.5,0.5000000000000001,0.0,0.5,0.527363184079602,0.5,0.0,0.5,0.527363184079602,0.5,3,RF,morgan_count_no_chiral,@/@@_class,val,2048
0.5,0.5000000000000001,0.0,0.5,0.4508670520231214,0.5,0.0,0.5,0.4508670520231214,0.5,3,RF,morgan_count_no_chiral,@/@@_class,test,2048
0.49999999999999994,0.5,0.0,0.5,0.4960880904085772,0.5,0.0,0.5,0.4960880904085772,0.5,4,RF,morgan_count_no_chiral,@/@@_class,train,2048
0.5,0.5000000000000001,0.0,0.5,0.4864864864864865,0.5,0.0,0.5,0.4864864864864865,0.5,4,RF,morgan_count_no_chiral,@/@@_class,val,2048
0.5,0.5000000000000001,0.0,0.5,0.5177664974619289,0.5,0.0,0.5,0.5177664974619289,0.5,4,RF,morgan_count_no_chiral,@/@@_class,test,2048
0.49999999999999994,0.5,0.0,0.5,0.4916691026015785,0.5,0.0,0.5,0.4916691026015785,0.5,0,RF,morgan_count_no_chiral,F/L_class,train,2048
0.5,0.5000000000000001,0.0,0.5,0.4973544973544973,0.5,0.0,0.5,0.4973544973544973,0.5,0,RF,morgan_count_no_chiral,F/L_class,val,2048
0.5,0.5000000000000001,0.0,0.5,0.4973544973544973,0.5,0.0,0.5,0.4973544973544973,0.5,0,RF,morgan_count_no_chiral,F/L_class,test,2048
0.5,0.5,0.0,0.5,0.503851640513552,0.5,0.0,0.5,0.503851640513552,0.5,1,RF,morgan_count_no_chiral,F/L_class,train,2048
0.5,0.5000000000000001,0.0,0.5,0.5177664974619289,0.5,0.0,0.5,0.5177664974619289,0.5,1,RF,morgan_count_no_chiral,F/L_class,val,2048
0.5,0.5000000000000001,0.0,0.5,0.5128205128205128,0.5,0.0,0.5,0.5128205128205128,0.5,1,RF,morgan_count_no_chiral,F/L_class,test,2048
0.49999999999999994,0.5,0.0,0.5,0.49285505978419364,0.5,0.0,0.5,0.49285505978419364,0.5,2,RF,morgan_count_no_chiral,F/L_class,train,2048
0.5,0.5000000000000001,0.0,0.5,0.4632768361581921,0.5,0.0,0.5,0.4632768361581921,0.5,2,RF,morgan_count_no_chiral,F/L_class,val,2048
0.5,0.5000000000000001,0.0,0.5,0.5226130653266332,0.5,0.0,0.5,0.5226130653266332,0.5,2,RF,morgan_count_no_chiral,F/L_class,test,2048
0.5,0.5,0.0,0.5,0.49783424776205604,0.5,0.0,0.5,0.49783424776205604,0.5,3,RF,morgan_count_no_chiral,F/L_class,train,2048
0.5,0.5000000000000001,0.0,0.5,0.5026178010471204,0.5,0.0,0.5,0.5026178010471204,0.5,3,RF,morgan_count_no_chiral,F/L_class,val,2048
0.5,0.5000000000000001,0.0,0.5,0.5128205128205128,0.5,0.0,0.5,0.5128205128205128,0.5,3,RF,morgan_count_no_chiral,F/L_class,test,2048
0.49999999999999994,0.5,0.0,0.5,0.48504589872668047,0.5,0.0,0.5,0.48504589872668047,0.5,4,RF,morgan_count_no_chiral,F/L_class,train,2048
0.5,0.5000000000000001,0.0,0.5,0.4864864864864865,0.5,0.0,0.5,0.4864864864864865,0.5,4,RF,morgan_count_no_chiral,F/L_class,val,2048
0.5,0.5000000000000001,0.0,0.5,0.4692737430167598,0.5,0.0,0.5,0.4692737430167598,0.5,4,RF,morgan_count_no_chiral,F/L_class,test,2048
0.9709351907546028,0.9624277429917184,0.7763866607906873,0.8809660724554341,0.891395592864638,0.5,0.7868649307861085,0.8855664174813112,0.8729246487867177,0.5059674060063424,0,RF,morgan_delta_opp,R/S_class,train,2048
0.9300831024930748,0.9265629963875859,0.6753920824262175,0.8315789473684211,0.8461538461538461,0.5,0.7182741194056599,0.8526315789473684,0.8372093023255814,0.5059674060063424,0,RF,morgan_delta_opp,R/S_class,val,2048
0.9349584487534627,0.9202232658392485,0.6783611965932885,0.8315789473684211,0.8476190476190476,0.5,0.6982972487551755,0.8368421052631579,0.8121212121212121,0.5059674060063424,0,RF,morgan_delta_opp,R/S_class,test,2048
0.9700164113803648,0.9598543417841251,0.761729653695847,0.8697527314548591,0.8836970474967908,0.5,0.7876928390821252,0.8875790684301322,0.8967520464747821,0.5068099864645023,1,RF,morgan_delta_opp,R/S_class,train,2048
0.9460941828254847,0.9318395639360214,0.724618743900247,0.8473684210526315,0.8663594470046083,0.5,0.7466115941353748,0.8631578947368421,0.8773584905660378,0.5068099864645023,1,RF,morgan_delta_opp,R/S_class,val,2048
0.9392797783933517,0.9344505795138114,0.6675942762029019,0.8210526315789474,0.8425925925925926,0.5,0.666089316019987,0.8263157894736842,0.8421052631578947,0.5068099864645023,1,RF,morgan_delta_opp,R/S_class,test,2048
0.9695174234099759,0.9596409258463946,0.7744881719006135,0.8786658999424957,0.8644829800899165,0.5,0.5806703096063078,0.7521564117308798,0.6704892966360856,0.5579169803219843,2,RF,morgan_delta_opp,R/S_class,train,2048
0.8595013850415512,0.8654433173883866,0.494195298982571,0.7421052631578947,0.7134502923976608,0.5,0.5489716413565446,0.7315789473684211,0.6330935251798561,0.5579169803219843,2,RF,morgan_delta_opp,R/S_class,val,2048
0.9316343490304708,0.9248711857767672,0.694340858564394,0.8368421052631579,0.8143712574850299,0.5,0.5570860145311556,0.7368421052631579,0.6428571428571429,0.5579169803219843,2,RF,morgan_delta_opp,R/S_class,test,2048
0.9731727004309682,0.9638216779979296,0.7935362577696781,0.8904542840713053,0.8993926590969105,0.5,0.7683803259603001,0.874353076480736,0.8584386135406543,0.508246024782862,3,RF,morgan_delta_opp,R/S_class,train,2048
0.9304155124653739,0.924583361824559,0.666089316019987,0.8263157894736842,0.8421052631578947,0.5,0.7033297625912952,0.8421052631578947,0.8214285714285714,0.508246024782862,3,RF,morgan_delta_opp,R/S_class,val,2048
0.8774515235457064,0.8692809454523617,0.5801423075012789,0.7842105263157895,0.8038277511961722,0.5,0.5800409285041607,0.7789473684210526,0.7439024390243902,0.508246024782862,3,RF,morgan_delta_opp,R/S_class,test,2048
0.9687672880813962,0.9593912613318313,0.7800208802450505,0.8832662449683726,0.8713561470215463,0.5,0.6912738405992073,0.8237492811960897,0.8500122339124052,0.47428320730870666,4,RF,morgan_delta_opp,R/S_class,train,2048
0.899168975069252,0.9002636092519294,0.5951251837310959,0.7894736842105263,0.7619047619047619,0.5,0.6190207635995347,0.7947368421052632,0.821917808219178,0.47428320730870666,4,RF,morgan_delta_opp,R/S_class,val,2048
0.9310803324099722,0.9214295115776163,0.6691859822533356,0.8263157894736842,0.8047337278106509,0.5,0.6340751391209736,0.7947368421052632,0.8266666666666667,0.47428320730870666,4,RF,morgan_delta_opp,R/S_class,test,2048
0.919493300697955,0.9137878648697011,0.6438414841581517,0.816561242093157,0.7982289690069576,0.5,0.3738766490725296,0.6239217941345601,0.7263598326359832,0.40353181532284077,0,RF,morgan_delta_opp,@/@@_class,train,2048
0.7150692520775623,0.7298684640872171,0.2660628570058754,0.631578947368421,0.6022727272727273,0.5,0.3675383350990133,0.6263157894736842,0.7258687258687259,0.40353181532284077,0,RF,morgan_delta_opp,@/@@_class,val,2048
0.7633240997229916,0.7783992103157475,0.3310447148973826,0.6631578947368421,0.632183908045977,0.5,0.3333333333333333,0.6,0.7142857142857143,0.40353181532284077,0,RF,morgan_delta_opp,@/@@_class,test,2048
0.9168072309275984,0.9115809090591549,0.6499992295040988,0.8179988499137435,0.835027365129007,0.5,0.5369493809207585,0.7294422081656124,0.7852088564254737,0.46368328627879163,1,RF,morgan_delta_opp,@/@@_class,train,2048
0.6942936288088641,0.7081134590786976,0.236354273426447,0.6157894736842106,0.6507177033492823,0.5,0.3394221166510653,0.631578947368421,0.72,0.46368328627879163,1,RF,morgan_delta_opp,@/@@_class,val,2048
0.8479224376731301,0.8430668086325068,0.4824229160187268,0.7368421052631579,0.7596153846153846,0.5,0.44779885810340125,0.6842105263157895,0.7540983606557377,0.46368328627879163,1,RF,morgan_delta_opp,@/@@_class,test,2048
0.9254231229504375,0.9187484225284758,0.6673012642341619,0.8266244968372628,0.8426819723454213,0.5,0.650822348782241,0.8139735480161012,0.8355781448538755,0.49464253260012647,2,RF,morgan_delta_opp,@/@@_class,train,2048
0.7631024930747922,0.7631581092181392,0.40035694178273723,0.6947368421052632,0.7264150943396226,0.5,0.41364672372508154,0.6947368421052632,0.7387387387387387,0.49464253260012647,2,RF,morgan_delta_opp,@/@@_class,val,2048
0.7247091412742382,0.744953402490113,0.27051144715049813,0.631578947368421,0.6698113207547169,0.5,0.2719802405917384,0.631578947368421,0.6728971962616822,0.49464253260012647,2,RF,morgan_delta_opp,@/@@_class,test,2048
0.9236515337845279,0.9179509715088636,0.6532675361844777,0.8217366302472685,0.8358920063525676,0.5,0.5451540676921295,0.7351926394479587,0.6456329357445171,0.5365022717488093,3,RF,morgan_delta_opp,@/@@_class,train,2048
0.7197783933518005,0.7222894205606611,0.2781743201320934,0.6368421052631579,0.6666666666666666,0.5,0.37429884637946226,0.6578947368421053,0.5323741007194245,0.5365022717488093,3,RF,morgan_delta_opp,@/@@_class,val,2048
0.7885872576177285,0.8011921130354758,0.386761538334186,0.6894736842105263,0.7177033492822966,0.5,0.39662184574872683,0.6631578947368421,0.5294117647058824,0.5365022717488093,3,RF,morgan_delta_opp,@/@@_class,test,2048
0.9241295239178592,0.919211575352288,0.6577958408900023,0.8243243243243243,0.808403888366259,0.5,0.6466589668261244,0.8076480736055204,0.8332918016446549,0.49028556582381677,4,RF,morgan_delta_opp,@/@@_class,train,2048
0.7386703601108033,0.743089503450189,0.32379966883225914,0.6578947368421053,0.6153846153846154,0.5,0.38857777275012023,0.6789473684210526,0.7312775330396476,0.49028556582381677,4,RF,morgan_delta_opp,@/@@_class,val,2048
0.7437119113573407,0.7037549425496267,0.4138411497680018,0.7052631578947368,0.6853932584269663,0.5,0.3882901373576604,0.6842105263157895,0.7272727272727273,0.49028556582381677,4,RF,morgan_delta_opp,@/@@_class,test,2048
0.9514247280449426,0.9444173961696126,0.7068711497511612,0.8412880966072456,0.8175809649702578,0.5,0.7013678790521004,0.8384128809660725,0.8571428571428571,0.48391158164804005,0,RF,morgan_delta_opp,F/L_class,train,2048
0.8340166204986149,0.8398686981324487,0.43173289177634555,0.7105263157894737,0.6745562130177515,0.5,0.5177354478232827,0.7473684210526316,0.7798165137614679,0.48391158164804005,0,RF,morgan_delta_opp,F/L_class,val,2048
0.8129085872576178,0.8148554404518603,0.39524658758195297,0.6894736842105263,0.6380368098159509,0.5,0.43916287509105884,0.7105263157894737,0.7465437788018433,0.48391158164804005,0,RF,morgan_delta_opp,F/L_class,test,2048
0.9472602121409823,0.9400612365450072,0.716959985322305,0.851926394479586,0.8363520813473149,0.5,0.7229072928572825,0.855664174813111,0.8674762407602957,0.49782248180767724,1,RF,morgan_delta_opp,F/L_class,train,2048
0.8409418282548476,0.8200087811816814,0.5207556439232954,0.7526315789473684,0.718562874251497,0.5,0.5518433521870162,0.7684210526315789,0.7924528301886793,0.49782248180767724,1,RF,morgan_delta_opp,F/L_class,val,2048
0.8826592797783934,0.8750881600805525,0.6086951209403486,0.8,0.7816091954022989,0.5,0.5756419341601482,0.7842105263157895,0.8,0.49782248180767724,1,RF,morgan_delta_opp,F/L_class,test,2048
0.9501069897666131,0.9437809309326097,0.7284289910287703,0.8591144335825187,0.8462986198243413,0.5,0.7089091649684987,0.8441633122484187,0.8608115048793015,0.4926570755517661,2,RF,morgan_delta_opp,F/L_class,train,2048
0.8069806094182825,0.8103639412621779,0.42973504259354,0.7105263157894737,0.6783625730994152,0.5,0.4830791626001647,0.7315789473684211,0.7649769585253456,0.4926570755517661,2,RF,morgan_delta_opp,F/L_class,val,2048
0.8459279778393352,0.8437164460658446,0.531313927552782,0.7631578947368421,0.7457627118644068,0.5,0.4990574920931582,0.7421052631578947,0.7699530516431925,0.4926570755517661,2,RF,morgan_delta_opp,F/L_class,test,2048
0.9495053273331324,0.9443235792258139,0.7164562201718508,0.8484761357101782,0.8286178861788618,0.5,0.7203258491019432,0.855664174813111,0.8662046908315565,0.4925058614395311,3,RF,morgan_delta_opp,F/L_class,train,2048
0.7342936288088643,0.7458576311320152,0.32379966883225914,0.6578947368421053,0.6153846153846154,0.5,0.35377680508039966,0.6736842105263158,0.7019230769230769,0.4925058614395311,3,RF,morgan_delta_opp,F/L_class,val,2048
0.7708033240997231,0.7787718650017621,0.35901391758109474,0.6736842105263158,0.6265060240963856,0.5,0.3299179426872855,0.6631578947368421,0.6862745098039216,0.4925058614395311,3,RF,morgan_delta_opp,F/L_class,test,2048
0.9518250096474313,0.9450734708353697,0.7315960196816178,0.8599769982748706,0.8463237614389397,0.5,0.726061075880204,0.8571017826336975,0.8689000263782644,0.49259091891804496,4,RF,morgan_delta_opp,F/L_class,train,2048
0.8665927977839335,0.8667097135926323,0.5563486402641868,0.7736842105263158,0.7514450867052023,0.5,0.5709117376183764,0.7736842105263158,0.8018433179723502,0.49259091891804496,4,RF,morgan_delta_opp,F/L_class,val,2048
0.8473130193905818,0.8459501463848105,0.5100613704506707,0.7526315789473684,0.7344632768361582,0.5,0.503863934508448,0.7473684210526316,0.7692307692307693,0.49259091891804496,4,RF,morgan_delta_opp,F/L_class,test,2048
0.9640254143270062,0.9561101791067803,0.7710005112674306,0.8786658999424957,0.8890641430073607,0.5,0.7534371069215532,0.8657274295572168,0.8801026957637997,0.49695676764211466,0,RF,morgan_delta_nos,R/S_class,train,2048
0.9213850415512466,0.9183343175399897,0.6419407387663695,0.8157894736842105,0.8309178743961353,0.5,0.6600479310472155,0.8210526315789474,0.839622641509434,0.49695676764211466,0,RF,morgan_delta_nos,R/S_class,val,2048
0.9170637119113574,0.9047109211265008,0.623115811760633,0.8052631578947368,0.8229665071770335,0.5,0.6238176023535313,0.8,0.8240740740740741,0.49695676764211466,0,RF,morgan_delta_nos,R/S_class,test,2048
0.9620709621076671,0.9542299961418788,0.737284376831325,0.8628522139160437,0.8495742667928098,0.5,0.7637111913200868,0.8734905117883841,0.8854166666666666,0.49508044927152506,1,RF,morgan_delta_nos,R/S_class,train,2048
0.9337396121883657,0.9243237431717799,0.6727682915656484,0.8315789473684211,0.8160919540229885,0.5,0.6998964726756152,0.8421052631578947,0.8571428571428571,0.49508044927152506,1,RF,morgan_delta_nos,R/S_class,val,2048
0.9059833795013852,0.9036265877116445,0.635855855098946,0.8157894736842105,0.8044692737430168,0.5,0.5765981100544855,0.7789473684210526,0.8037383177570093,0.49508044927152506,1,RF,morgan_delta_nos,R/S_class,test,2048
0.9646793233471809,0.9562994278983743,0.7651659595935815,0.8755031627372053,0.8863815271582262,0.5,0.6649012766461427,0.8067855089131685,0.8379942140790743,0.47301941885706644,2,RF,morgan_delta_nos,R/S_class,train,2048
0.8612188365650969,0.8516888952409153,0.5424537957534328,0.7631578947368421,0.7887323943661971,0.5,0.575039743421491,0.7578947368421053,0.8017241379310345,0.47301941885706644,2,RF,morgan_delta_nos,R/S_class,val,2048
0.9180609418282548,0.9111125775816007,0.6396021490668312,0.8157894736842105,0.8292682926829268,0.5,0.6028568721780113,0.7789473684210526,0.8141592920353983,0.47301941885706644,2,RF,morgan_delta_nos,R/S_class,test,2048
0.959900248700366,0.9518052830248966,0.7455888933050137,0.8657274295572168,0.8775884665792922,0.5,0.7454142697993121,0.8663024726854515,0.8775993682548039,0.5005463318588601,3,RF,morgan_delta_nos,R/S_class,train,2048
0.906759002770083,0.8936878191128617,0.6691859822533356,0.8263157894736842,0.8436018957345972,0.5,0.6783611965932885,0.8315789473684211,0.8476190476190476,0.5005463318588601,3,RF,morgan_delta_nos,R/S_class,val,2048
0.8636565096952908,0.8638112505100881,0.5396661147204319,0.7631578947368421,0.7867298578199052,0.5,0.5276142640170022,0.7578947368421053,0.780952380952381,0.5005463318588601,3,RF,morgan_delta_nos,R/S_class,test,2048
0.9657733602590638,0.9563114218398441,0.7574550455134962,0.870615296147211,0.8826903023983316,0.5,0.744358946288676,0.8608395629672225,0.8760245901639344,0.4971596707371615,4,RF,morgan_delta_nos,R/S_class,train,2048
0.9022160664819945,0.8999729246069165,0.623115811760633,0.8052631578947368,0.8229665071770335,0.5,0.6418733677965027,0.8105263157894737,0.8317757009345794,0.4971596707371615,4,RF,morgan_delta_nos,R/S_class,val,2048
0.9119113573407202,0.9018038058007267,0.6499232217356102,0.8105263157894737,0.8348623853211009,0.5,0.6323582236967612,0.8,0.8272727272727273,0.4971596707371615,4,RF,morgan_delta_nos,R/S_class,test,2048
0.916340153056045,0.9114399573237235,0.6397749304389351,0.8151236342725704,0.8297590680434207,0.5,0.4377536711782731,0.6656124209315699,0.5032037590773174,0.5584145487630314,0,RF,morgan_delta_nos,@/@@_class,train,2048
0.7229916897506925,0.7400003365952097,0.27492070738457886,0.6368421052631579,0.6532663316582915,0.5,0.34210526315789475,0.6368421052631579,0.48120300751879697,0.5584145487630314,0,RF,morgan_delta_nos,@/@@_class,val,2048
0.755623268698061,0.7596038306684825,0.3310447148973826,0.6631578947368421,0.6893203883495146,0.5,0.31754264805429416,0.6157894736842106,0.416,0.5584145487630314,0,RF,morgan_delta_nos,@/@@_class,test,2048
0.9168011134475108,0.911472722508772,0.6385323380761857,0.8116733755031628,0.8300907911802854,0.5,0.5406419811032218,0.7372052903967797,0.6543116490166414,0.5267129929368262,1,RF,morgan_delta_nos,@/@@_class,train,2048
0.7458171745152354,0.7759472406341851,0.3254722774520597,0.6578947368421053,0.6948356807511737,0.5,0.42221035192606404,0.6736842105263158,0.5441176470588235,0.5267129929368262,1,RF,morgan_delta_nos,@/@@_class,val,2048
0.8401662049861496,0.8392791248089426,0.5269954501092706,0.7526315789473684,0.783410138248848,0.5,0.43944976431784205,0.6947368421052632,0.6027397260273972,0.5267129929368262,1,RF,morgan_delta_nos,@/@@_class,test,2048
0.917866381669252,0.9128006471948512,0.6431818558397858,0.8151236342725704,0.8318954248366013,0.5,0.5926173523422839,0.7694077055779184,0.809138505473584,0.4828813583499213,2,RF,morgan_delta_nos,@/@@_class,train,2048
0.7450969529085872,0.7392873866648302,0.343788034074832,0.6684210526315789,0.6985645933014354,0.5,0.39662184574872683,0.6631578947368421,0.7377049180327869,0.4828813583499213,2,RF,morgan_delta_nos,@/@@_class,val,2048
0.7448199445983379,0.7543374620134463,0.35377680508039966,0.6736842105263158,0.7019230769230769,0.5,0.3560397156481981,0.6631578947368421,0.7192982456140351,0.4828813583499213,2,RF,morgan_delta_nos,@/@@_class,test,2048
0.9166708276553749,0.9123201201102471,0.6459425789482115,0.8168487636572743,0.8330275229357799,0.5,0.5939169492402596,0.7751581368602645,0.7230878186968839,0.5161809662859546,3,RF,morgan_delta_nos,@/@@_class,train,2048
0.7255401662049862,0.7256602334395859,0.30081452981547796,0.6473684210526316,0.6794258373205742,0.5,0.39194168168888616,0.6736842105263158,0.5753424657534246,0.5161809662859546,3,RF,morgan_delta_nos,@/@@_class,val,2048
0.8029916897506926,0.8118918113881939,0.416475609064449,0.7052631578947368,0.7281553398058253,0.5,0.4900980294098034,0.7210526315789474,0.6442953020134228,0.5161809662859546,3,RF,morgan_delta_nos,@/@@_class,test,2048
0.9212300036936354,0.9175062630515227,0.6560239130186557,0.824899367452559,0.8361581920903954,0.5,0.6554020197475979,0.8243243243243243,0.8360611752079421,0.4996404254371695,4,RF,morgan_delta_nos,@/@@_class,train,2048
0.7326315789473684,0.7467453893990309,0.3579145664532705,0.6789473684210526,0.6772486772486772,0.5,0.3684210526315789,0.6842105263157895,0.6842105263157895,0.4996404254371695,4,RF,morgan_delta_nos,@/@@_class,val,2048
0.7267590027700832,0.6839161079658396,0.39025280549552727,0.6947368421052632,0.7040816326530612,0.5,0.37998029782867415,0.6894736842105263,0.700507614213198,0.4996404254371695,4,RF,morgan_delta_nos,@/@@_class,test,2048
0.9453170028580204,0.9394574323750502,0.7093119360716179,0.8493387004025302,0.8351164254247955,0.5,0.7062156794347241,0.8433007475560667,0.8597168597168597,0.4908463207580247,0,RF,morgan_delta_nos,F/L_class,train,2048
0.8285318559556787,0.8373543177034966,0.47490618095398013,0.7315789473684211,0.6982248520710059,0.5,0.5180794701316147,0.7526315789473684,0.7772511848341233,0.4908463207580247,0,RF,morgan_delta_nos,F/L_class,val,2048
0.8292520775623268,0.8233740709676501,0.4662942937392271,0.7315789473684211,0.7150837988826816,0.5,0.4807245708156353,0.7263157894736842,0.7657657657657657,0.4908463207580247,0,RF,morgan_delta_nos,F/L_class,test,2048
0.9417465438717564,0.9379637750854953,0.7096178798995838,0.851063829787234,0.8394296342219467,0.5,0.694078723925385,0.8410005750431282,0.85451197053407,0.4987884120346131,1,RF,morgan_delta_nos,F/L_class,train,2048
0.8356232686980609,0.8124683324400789,0.5232642267732821,0.7578947368421053,0.735632183908046,0.5,0.5455447255899809,0.7631578947368421,0.7906976744186046,0.4987884120346131,1,RF,morgan_delta_nos,F/L_class,val,2048
0.8311357340720221,0.8096502247345885,0.4441026811597043,0.7210526315789474,0.7071823204419889,0.5,0.5060789879346755,0.7473684210526316,0.7714285714285715,0.4987884120346131,1,RF,morgan_delta_nos,F/L_class,test,2048
0.9434576195859887,0.9374171362425086,0.7001898062972085,0.8444508338125359,0.8291758762235554,0.5,0.7027061368540009,0.8444508338125359,0.8274322169059011,0.5024381787135067,2,RF,morgan_delta_nos,F/L_class,train,2048
0.8022714681440443,0.8062909885759699,0.48454371185234896,0.7368421052631579,0.7058823529411765,0.5,0.4990574920931582,0.7421052631578947,0.7065868263473054,0.5024381787135067,2,RF,morgan_delta_nos,F/L_class,val,2048
0.8230470914127423,0.8247422421632007,0.5253049529981692,0.7578947368421053,0.7325581395348837,0.5,0.5491495400993288,0.7684210526315789,0.7411764705882353,0.5024381787135067,2,RF,morgan_delta_nos,F/L_class,test,2048
0.945966117096505,0.9413190497506819,0.7081631164389197,0.8496262219666475,0.836715579144552,0.5,0.7148595384219255,0.8522139160437032,0.8638049814520403,0.49854635084990107,3,RF,morgan_delta_nos,F/L_class,train,2048
0.7294182825484765,0.7324179604900172,0.30377412562192235,0.6473684210526316,0.5988023952095808,0.5,0.382546027838003,0.6894736842105263,0.7093596059113301,0.49854635084990107,3,RF,morgan_delta_nos,F/L_class,val,2048
0.757950138504155,0.7711280435452261,0.30377412562192235,0.6473684210526316,0.5988023952095808,0.5,0.29957234475763905,0.6473684210526316,0.6763285024154589,0.49854635084990107,3,RF,morgan_delta_nos,F/L_class,test,2048
0.9482074295307628,0.9432891941990926,0.7238472570394384,0.8588269120184013,0.8489695478314365,0.5,0.6084865408473005,0.7751581368602645,0.7141812865497076,0.5259287756904261,4,RF,morgan_delta_nos,F/L_class,train,2048
0.8245429362880886,0.8390290565849149,0.4533195363651628,0.7210526315789474,0.6863905325443787,0.5,0.5019960159204453,0.7210526315789474,0.6344827586206897,0.5259287756904261,4,RF,morgan_delta_nos,F/L_class,val,2048
0.8563434903047091,0.8533170491355164,0.5387557737319337,0.7684210526315789,0.7582417582417582,0.5,0.5079328061935712,0.7315789473684211,0.6622516556291391,0.5259287756904261,4,RF,morgan_delta_nos,F/L_class,test,2048
0.9708450819262854,0.9719171619888148,0.7751127837973516,0.8855664174813112,0.8910782703886152,0.5,0.7440534119150797,0.8585393904542841,0.8751902587519026,0.4911848427708445,0,RF,morgan_cgr,R/S_class,train,2048
0.9218282548476454,0.9229752124479538,0.6146606599289812,0.8052631578947368,0.8159203980099502,0.5,0.6807024563911412,0.8263157894736842,0.847926267281106,0.4911848427708445,0,RF,morgan_cgr,R/S_class,val,2048
0.9230470914127423,0.9211772648891637,0.6633387633919151,0.8263157894736842,0.8405797101449275,0.5,0.6499232217356102,0.8105263157894737,0.8348623853211009,0.4911848427708445,0,RF,morgan_cgr,R/S_class,test,2048
0.9719791304646871,0.972957225427458,0.7845047127293074,0.8898792409430707,0.8956118833469611,0.5,0.78396819441158,0.8893041978148362,0.8824427480916031,0.5054121715628028,1,RF,morgan_cgr,R/S_class,train,2048
0.9143490304709141,0.9172830173963591,0.6333004963811236,0.8157894736842105,0.8223350253807107,0.5,0.653537383101465,0.8263157894736842,0.8216216216216217,0.5054121715628028,1,RF,morgan_cgr,R/S_class,val,2048
0.9130193905817174,0.912985412149609,0.6260126930757011,0.8052631578947368,0.8246445497630331,0.5,0.6529572344002587,0.8263157894736842,0.8235294117647058,0.5054121715628028,1,RF,morgan_cgr,R/S_class,test,2048
0.9746655309096429,0.975368519468982,0.7916148552417646,0.894767107533065,0.8984461709211987,0.5,0.7669847590545871,0.8726279470960322,0.8860889688866033,0.49183485994648435,2,RF,morgan_cgr,R/S_class,train,2048
0.8789473684210526,0.8766301768405443,0.5623995112231819,0.7789473684210526,0.7920792079207921,0.5,0.6286185570937122,0.7947368421052632,0.8251121076233184,0.49183485994648435,2,RF,morgan_cgr,R/S_class,val,2048
0.9194459833795013,0.9254934260436234,0.6333004963811236,0.8157894736842105,0.8223350253807107,0.5,0.610170215847752,0.7894736842105263,0.8181818181818182,0.49183485994648435,2,RF,morgan_cgr,R/S_class,test,2048
0.9753791266949967,0.975811859530402,0.797807713494988,0.8950546290971823,0.9018553374563054,0.5,0.8044886789099129,0.8996549741230593,0.9050340136054422,0.5011902671967342,3,RF,morgan_cgr,R/S_class,train,2048
0.898836565096953,0.893967918942753,0.626067380418259,0.8105263157894737,0.8217821782178217,0.5,0.6344324016567204,0.8157894736842105,0.8241206030150754,0.5011902671967342,3,RF,morgan_cgr,R/S_class,val,2048
0.9065373961218837,0.9078155502523342,0.6375767130633383,0.8157894736842105,0.8275862068965517,0.5,0.6232664833369429,0.8105263157894737,0.8181818181818182,0.5011902671967342,3,RF,morgan_cgr,R/S_class,test,2048
0.9715728967194104,0.9731390588186006,0.7798989171390042,0.8898792409430707,0.8909142694389063,0.5,0.7423861674401661,0.8576768257619322,0.8744610702510779,0.4899485391409321,4,RF,morgan_cgr,R/S_class,train,2048
0.9166759002770082,0.9159691313731018,0.6216038822203304,0.8105263157894737,0.8144329896907216,0.5,0.6807024563911412,0.8263157894736842,0.847926267281106,0.4899485391409321,4,RF,morgan_cgr,R/S_class,val,2048
0.9398891966759003,0.9406613700614984,0.7303734511544491,0.8631578947368421,0.87,0.5,0.6323582236967612,0.8,0.8272727272727273,0.4899485391409321,4,RF,morgan_cgr,R/S_class,test,2048
0.9539722451581798,0.9567665838122995,0.7246071773278764,0.8622771707878091,0.8631037439268362,0.5,0.7239743713425711,0.8617021276595744,0.864392444319143,0.49981821295561957,0,RF,morgan_cgr,@/@@_class,train,2048
0.7474238227146814,0.7732174652177084,0.3595116942721416,0.6789473684210526,0.6629834254143646,0.5,0.3691580592525258,0.6842105263157895,0.6739130434782609,0.49981821295561957,0,RF,morgan_cgr,@/@@_class,val,2048
0.7770637119113574,0.7844219360122764,0.4001995952775779,0.7,0.6951871657754011,0.5,0.4216370213557839,0.7105263157894737,0.717948717948718,0.49981821295561957,0,RF,morgan_cgr,@/@@_class,test,2048
0.9490607353343337,0.9518590257938583,0.7116129148427751,0.8527889591719379,0.8617710583153347,0.5,0.5256133504748413,0.7167912593444509,0.6052104208416834,0.5433876141175432,1,RF,morgan_cgr,@/@@_class,train,2048
0.7302493074792242,0.7566440419915037,0.31622776601683794,0.6578947368421053,0.6666666666666666,0.5,0.37527767497325676,0.6368421052631579,0.448,0.5433876141175432,1,RF,morgan_cgr,@/@@_class,val,2048
0.8403878116343491,0.8470524477137633,0.5491495400993288,0.7684210526315789,0.7904761904761904,0.5,0.4131182235954578,0.6684210526315789,0.5333333333333333,0.5433876141175432,1,RF,morgan_cgr,@/@@_class,test,2048
0.9546233434442604,0.9565621523255453,0.7343786444345366,0.8671650373778034,0.8679245283018868,0.5,0.7351512936592769,0.8674525589419206,0.8691456145330684,0.49938718464847476,2,RF,morgan_cgr,@/@@_class,train,2048
0.7551246537396121,0.760734251668115,0.3894736842105263,0.6947368421052632,0.6947368421052632,0.5,0.4106173214026044,0.7052631578947368,0.7083333333333334,0.49938718464847476,2,RF,morgan_cgr,@/@@_class,val,2048
0.7365096952908586,0.756910141267082,0.29488391230979427,0.6473684210526316,0.6417112299465241,0.5,0.30526315789473685,0.6526315789473685,0.6526315789473685,0.49938718464847476,2,RF,morgan_cgr,@/@@_class,test,2048
0.9510623086840772,0.9532262079194285,0.7137601573534105,0.8550891316848763,0.8619934282584885,0.5,0.6120587164614751,0.7760207015526165,0.7143381004767143,0.5268629976957393,3,RF,morgan_cgr,@/@@_class,train,2048
0.7257617728531855,0.725092555658275,0.31878835653166915,0.6578947368421053,0.6798029556650246,0.5,0.38377036556590716,0.6631578947368421,0.5428571428571428,0.5268629976957393,3,RF,morgan_cgr,@/@@_class,val,2048
0.8047645429362882,0.8108574626283024,0.4463036991443368,0.7210526315789474,0.7389162561576355,0.5,0.38377036556590716,0.6631578947368421,0.5428571428571428,0.5268629976957393,3,RF,morgan_cgr,@/@@_class,test,2048
0.9483008451050735,0.9516019635177823,0.7091074370732563,0.8545140885566418,0.8534183082271147,0.5,0.7120315943577314,0.8530764807360552,0.843010752688172,0.503086293360123,4,RF,morgan_cgr,@/@@_class,train,2048
0.754792243767313,0.7731239877590697,0.3794733192202055,0.6894736842105263,0.6810810810810811,0.5,0.388559602598711,0.6894736842105263,0.650887573964497,0.503086293360123,4,RF,morgan_cgr,@/@@_class,val,2048
0.7490304709141274,0.7138587154168718,0.39164953177847267,0.6947368421052632,0.6777777777777778,0.5,0.3732884438274,0.6789473684210526,0.6257668711656442,0.503086293360123,4,RF,morgan_cgr,@/@@_class,test,2048
0.961339675231249,0.9629329684129725,0.7582478345793049,0.8775158136860265,0.8716094032549728,0.5,0.736236417490523,0.8596894767107534,0.8731808731808732,0.4902433402655878,0,RF,morgan_cgr,F/L_class,train,2048
0.8372299168975069,0.8487165729033361,0.4576281140501057,0.7263157894736842,0.7045454545454546,0.5,0.5116817192534651,0.7526315789473684,0.7707317073170732,0.4902433402655878,0,RF,morgan_cgr,F/L_class,val,2048
0.8191689750692521,0.8248052036960811,0.42640143271122083,0.7105263157894737,0.6857142857142857,0.5,0.446047594570451,0.7157894736842105,0.7476635514018691,0.4902433402655878,0,RF,morgan_cgr,F/L_class,test,2048
0.9596287648543163,0.9618140511593738,0.7470792951582779,0.8720529039677976,0.8660848630755341,0.5,0.7470142736116074,0.8709028177113284,0.8628169874732661,0.5009437824031744,1,RF,morgan_cgr,F/L_class,train,2048
0.8303601108033242,0.8191206882774038,0.5052911526399113,0.7526315789473684,0.7513227513227513,0.5,0.5373186100548619,0.7684210526315789,0.7634408602150538,0.5009437824031744,1,RF,morgan_cgr,F/L_class,val,2048
0.8520775623268698,0.8309299138808747,0.4948465155364719,0.7473684210526316,0.7446808510638298,0.5,0.5059644256269407,0.7526315789473684,0.745945945945946,0.5009437824031744,1,RF,morgan_cgr,F/L_class,test,2048
0.9604941402807626,0.9620109204099662,0.7455429965284711,0.8711903392754456,0.8649789029535865,0.5,0.7218566044805671,0.8516388729154687,0.8327932598833442,0.5057364094562421,2,RF,morgan_cgr,F/L_class,train,2048
0.8279778393351801,0.8403788662948312,0.5176280963306814,0.7578947368421053,0.7472527472527473,0.5,0.5362642546547901,0.7578947368421053,0.7195121951219512,0.5057364094562421,2,RF,morgan_cgr,F/L_class,val,2048
0.8370637119113573,0.8421804847427724,0.5427682282919858,0.7684210526315789,0.75,0.5,0.5085615206429365,0.7473684210526316,0.7142857142857143,0.5057364094562421,2,RF,morgan_cgr,F/L_class,test,2048
0.9608557329551298,0.9633794620769748,0.7490079523605168,0.8729154686601495,0.866787221217601,0.5,0.6907924493852861,0.8271995399654974,0.8510532837670384,0.48450749003460925,3,RF,morgan_cgr,F/L_class,train,2048
0.7586703601108034,0.7580985519375574,0.37248799980822556,0.6842105263157895,0.6590909090909091,0.5,0.4265625923135904,0.7,0.7443946188340808,0.48450749003460925,3,RF,morgan_cgr,F/L_class,val,2048
0.7881994459833795,0.8013855314773289,0.416475609064449,0.7052631578947368,0.6781609195402298,0.5,0.41710169182608636,0.6947368421052632,0.7410714285714286,0.48450749003460925,3,RF,morgan_cgr,F/L_class,test,2048
0.961077119599381,0.9636157557061377,0.7535479822226219,0.875215641173088,0.869277108433735,0.5,0.6295831843044155,0.785796434732605,0.8229141906346565,0.4716921593880282,4,RF,morgan_cgr,F/L_class,train,2048
0.8343490304709141,0.8459014109366161,0.4477215043467819,0.7210526315789474,0.6971428571428572,0.5,0.5046267136147778,0.7263157894736842,0.7758620689655172,0.4716921593880282,4,RF,morgan_cgr,F/L_class,val,2048
0.8323545706371193,0.8354838830316682,0.4863981746034856,0.7421052631578947,0.7292817679558011,0.5,0.48115570367920674,0.7157894736842105,0.7672413793103449,0.4716921593880282,4,RF,morgan_cgr,F/L_class,test,2048
