AUROC,MCC,Accuracy,F1,AUPRC,fold,model,featurization,target,split,stopped_epoch
0.49965609841669695,-0.008053066063802882,0.49597469810235767,0.5021300766827606,0.5030904291654357,0,chemprop,exp_2_cip_rs_singletask,R/S_class,train,15
1.0,0.9895285072531597,0.9947368421052631,0.9947643979057592,1.0000000000000002,0,chemprop,exp_2_cip_rs_singletask,R/S_class,val,15
0.9964542936288089,0.8949351876723428,0.9473684210526315,0.9479166666666666,0.9965695268879655,0,chemprop,exp_2_cip_rs_singletask,R/S_class,test,15
0.4967744346208369,-0.008625646923519264,0.49568717653824035,0.49568717653824035,0.4903141752812808,1,chemprop,exp_2_cip_rs_singletask,R/S_class,train,17
1.0,1.0,1.0,1.0,1.0000000000000002,1,chemprop,exp_2_cip_rs_singletask,R/S_class,val,17
0.9892520775623269,0.9789473684210527,0.9894736842105263,0.9894736842105263,0.9885277713440902,1,chemprop,exp_2_cip_rs_singletask,R/S_class,test,17
0.49018012176100095,-0.005175388154111558,0.4974123059229442,0.4974123059229442,0.49272076630824735,2,chemprop,exp_2_cip_rs_singletask,R/S_class,train,16
1.0,1.0,1.0,1.0,1.0000000000000002,2,chemprop,exp_2_cip_rs_singletask,R/S_class,val,16
0.9839335180055401,0.9789473684210527,0.9894736842105263,0.9894736842105263,0.9759231591831907,2,chemprop,exp_2_cip_rs_singletask,R/S_class,test,16
0.47305729499580207,-0.04255404282611184,0.4787234042553192,0.48036686729721984,0.4816336213216188,3,chemprop,exp_2_cip_rs_singletask,R/S_class,train,17
0.9998891966759003,0.9789473684210527,0.9894736842105263,0.9894736842105263,0.9998903508771932,3,chemprop,exp_2_cip_rs_singletask,R/S_class,val,17
0.9986703601108033,0.9789473684210527,0.9894736842105263,0.9894736842105263,0.9986723900609733,3,chemprop,exp_2_cip_rs_singletask,R/S_class,test,17
0.4939073205073474,-0.02300538072509832,0.48849913743530765,0.48389904264577893,0.5026697132325485,4,chemprop,exp_2_cip_rs_singletask,R/S_class,train,15
0.9998891966759003,0.9789473684210527,0.9894736842105263,0.9894736842105263,0.9998903508771932,4,chemprop,exp_2_cip_rs_singletask,R/S_class,val,15
0.9982271468144045,0.9376736528408374,0.968421052631579,0.967741935483871,0.9982693676773191,4,chemprop,exp_2_cip_rs_singletask,R/S_class,test,15
0.5145324872913485,0.03280109047215629,0.5163887291546866,0.5070339976553341,0.5134524498046653,0,chemprop,exp_2_cip_rs_singletask,@/@@_class,train,39
0.8269252077562328,0.48488257455915146,0.7421052631578947,0.7351351351351352,0.8250498953282639,0,chemprop,exp_2_cip_rs_singletask,@/@@_class,val,39
0.8240443213296398,0.5473987486932372,0.7736842105263158,0.7724867724867724,0.8287622877663966,0,chemprop,exp_2_cip_rs_singletask,@/@@_class,test,39
0.5167094835160366,0.03509994591740167,0.5175388154111559,0.5259887005649717,0.5138412223435989,1,chemprop,exp_2_cip_rs_singletask,@/@@_class,train,50
0.848421052631579,0.6318940978067019,0.8157894736842105,0.8186528497409327,0.8447087529173403,1,chemprop,exp_2_cip_rs_singletask,@/@@_class,val,50
0.7840443213296397,0.3473684210526316,0.6736842105263158,0.6736842105263158,0.7921775854567441,1,chemprop,exp_2_cip_rs_singletask,@/@@_class,test,50
0.5094657257431168,0.007475738655824582,0.503737780333525,0.5020196191575302,0.5188570642059341,2,chemprop,exp_2_cip_rs_singletask,@/@@_class,train,43
0.8173961218836565,0.3579145664532705,0.6789473684210526,0.6772486772486772,0.8379475211025378,2,chemprop,exp_2_cip_rs_singletask,@/@@_class,val,43
0.8033240997229917,0.42107596053325946,0.7105263157894737,0.7120418848167539,0.8117732438572405,2,chemprop,exp_2_cip_rs_singletask,@/@@_class,test,43
0.49917926564446335,0.0023009430161479716,0.5011500862564693,0.49461112729391205,0.5012239836062683,3,chemprop,exp_2_cip_rs_singletask,@/@@_class,train,42
0.773961218836565,0.33730961708462714,0.6684210526315789,0.676923076923077,0.7657935652966209,3,chemprop,exp_2_cip_rs_singletask,@/@@_class,val,42
0.8549584487534626,0.6001330082038063,0.8,0.8020833333333334,0.8412149819429564,3,chemprop,exp_2_cip_rs_singletask,@/@@_class,test,42
0.5001491342442977,0.0034504236431441883,0.5017251293847038,0.49927766541462004,0.5098611916310541,4,chemprop,exp_2_cip_rs_singletask,@/@@_class,train,40
0.8429916897506926,0.473789217003005,0.7368421052631579,0.7395833333333334,0.8586022958762065,4,chemprop,exp_2_cip_rs_singletask,@/@@_class,val,40
0.8140720221606648,0.473789217003005,0.7368421052631579,0.7340425531914894,0.8171880353033523,4,chemprop,exp_2_cip_rs_singletask,@/@@_class,test,40
0.5047109556793528,0.008050637072118273,0.5040253018976423,0.5047372954349698,0.5004186113913959,0,chemprop,exp_2_cip_rs_singletask,F/L_class,train,24
0.8286980609418282,0.6316139407998892,0.8157894736842105,0.8167539267015707,0.8202755908533695,0,chemprop,exp_2_cip_rs_singletask,F/L_class,val,24
0.8065373961218837,0.5159038140699388,0.7578947368421053,0.7553191489361702,0.7992295762214816,0,chemprop,exp_2_cip_rs_singletask,F/L_class,test,24
0.5062383416536574,0.01552847532684052,0.5077630822311673,0.5034802784222738,0.5052056124000259,1,chemprop,exp_2_cip_rs_singletask,F/L_class,train,35
0.8578393351800554,0.5473987486932372,0.7736842105263158,0.7724867724867724,0.8372952320068681,1,chemprop,exp_2_cip_rs_singletask,F/L_class,val,35
0.8626038781163434,0.5895063447465633,0.7947368421052632,0.7936507936507936,0.8608053635438125,1,chemprop,exp_2_cip_rs_singletask,F/L_class,test,35
0.49828594821437366,0.0034534720703985455,0.5017251293847038,0.5122431747818744,0.5037625386687885,2,chemprop,exp_2_cip_rs_singletask,F/L_class,train,31
0.9340720221606648,0.6978756418223925,0.8473684210526315,0.8542713567839196,0.9385797374653133,2,chemprop,exp_2_cip_rs_singletask,F/L_class,val,31
0.8368975069252077,0.5168212829535361,0.7578947368421053,0.7653061224489796,0.826013022232772,2,chemprop,exp_2_cip_rs_singletask,F/L_class,test,31
0.4842999006984179,-0.01782729199614107,0.49108683151236343,0.4884393063583815,0.4936724802330378,3,chemprop,exp_2_cip_rs_singletask,F/L_class,train,50
0.8037673130193905,0.5473987486932372,0.7736842105263158,0.7724867724867724,0.7799072150261481,3,chemprop,exp_2_cip_rs_singletask,F/L_class,val,50
0.8934072022160665,0.6216038822203304,0.8105263157894737,0.8064516129032258,0.8989068651542479,3,chemprop,exp_2_cip_rs_singletask,F/L_class,test,50
0.5085940674992833,0.01788110266168135,0.5089131684876366,0.527393469839513,0.5061758952749383,4,chemprop,exp_2_cip_rs_singletask,F/L_class,train,21
0.8674792243767313,0.5525664846548932,0.7736842105263158,0.7881773399014779,0.867430086847445,4,chemprop,exp_2_cip_rs_singletask,F/L_class,val,21
0.8311357340720221,0.5610114914664609,0.7789473684210526,0.79,0.8180773796137091,4,chemprop,exp_2_cip_rs_singletask,F/L_class,test,21
0.4978273025451032,0.008625646923519264,0.5043128234617597,0.5043128234617597,0.49562042594797023,0,chemprop,exp_2_cip_rs_multitask,R/S_class,train,38
0.49013349664249545,-0.005178073670169128,0.4974123059229442,0.5053763440860215,0.4901113374976734,0,chemprop,exp_2_cip_rs_multitask,@/@@_class,train,38
0.5035044894036979,0.004025823776633062,0.5020126509488212,0.5059897318881916,0.504108205898799,0,chemprop,exp_2_cip_rs_multitask,F/L_class,train,38
0.9997783933518005,0.9789473684210527,0.9894736842105263,0.9894736842105263,0.9997795475530934,0,chemprop,exp_2_cip_rs_multitask,R/S_class,val,38
0.8290304709141274,0.473789217003005,0.7368421052631579,0.7395833333333334,0.8326860337730726,0,chemprop,exp_2_cip_rs_multitask,@/@@_class,val,38
0.8269252077562327,0.558389928096229,0.7789473684210526,0.7835051546391752,0.8239260709199925,0,chemprop,exp_2_cip_rs_multitask,F/L_class,val,38
1.0,1.0,1.0,1.0,1.0000000000000002,0,chemprop,exp_2_cip_rs_multitask,R/S_class,test,38
0.8096398891966757,0.4001995952775779,0.7,0.7046632124352331,0.8176019629822886,0,chemprop,exp_2_cip_rs_multitask,@/@@_class,test,38
0.8264819944598338,0.5578947368421052,0.7789473684210526,0.7789473684210526,0.8221133342220155,0,chemprop,exp_2_cip_rs_multitask,F/L_class,test,38
0.5094520027472446,-0.0005750446494579022,0.4997124784358827,0.5002871912693854,0.5076874443381652,1,chemprop,exp_2_cip_rs_multitask,R/S_class,train,50
0.4953684062244864,-0.004601277054608152,0.49769982748706154,0.5027042413891261,0.5007662752247681,1,chemprop,exp_2_cip_rs_multitask,@/@@_class,train,50
0.49710213314877283,-0.007482338148647945,0.496262219666475,0.5067567567567568,0.49275249167363483,1,chemprop,exp_2_cip_rs_multitask,F/L_class,train,50
1.0,1.0,1.0,1.0,1.0,1,chemprop,exp_2_cip_rs_multitask,R/S_class,val,50
0.825927977839335,0.5055152782453616,0.7526315789473684,0.7564766839378239,0.8033244474069603,1,chemprop,exp_2_cip_rs_multitask,@/@@_class,val,50
0.8391135734072023,0.6001330082038063,0.8,0.8020833333333334,0.8056218193478276,1,chemprop,exp_2_cip_rs_multitask,F/L_class,val,50
0.9977839335180057,0.9789473684210527,0.9894736842105263,0.9894736842105263,0.9976750820848079,1,chemprop,exp_2_cip_rs_multitask,R/S_class,test,50
0.7900277008310249,0.3791364586840212,0.6894736842105263,0.694300518134715,0.794164943483709,1,chemprop,exp_2_cip_rs_multitask,@/@@_class,test,50
0.8560664819944598,0.6021388059356906,0.8,0.8080808080808081,0.831728403131334,1,chemprop,exp_2_cip_rs_multitask,F/L_class,test,50
0.4791600600637342,-0.03450259339864315,0.48274870615296145,0.48259994247914867,0.4854109646439772,2,chemprop,exp_2_cip_rs_multitask,R/S_class,train,40
0.49861430809150825,-0.0028825530820894146,0.49856239217941345,0.48002385211687537,0.4999223299008857,2,chemprop,exp_2_cip_rs_multitask,@/@@_class,train,40
0.5014538108759536,0.0074756397716025155,0.503737780333525,0.5048766494549627,0.504112419171081,2,chemprop,exp_2_cip_rs_multitask,F/L_class,train,40
1.0,1.0,1.0,1.0,1.0,2,chemprop,exp_2_cip_rs_multitask,R/S_class,val,40
0.7316343490304709,0.3172162008283602,0.6578947368421053,0.6408839779005525,0.727786561467091,2,chemprop,exp_2_cip_rs_multitask,@/@@_class,val,40
0.8949584487534626,0.5897678246195885,0.7947368421052632,0.7914438502673797,0.8977375335185929,2,chemprop,exp_2_cip_rs_multitask,F/L_class,val,40
0.9935734072022161,0.9789473684210527,0.9894736842105263,0.9894736842105263,0.994999281205044,2,chemprop,exp_2_cip_rs_multitask,R/S_class,test,40
0.7806094182825485,0.35807332209046444,0.6789473684210526,0.6737967914438503,0.79842271702501,2,chemprop,exp_2_cip_rs_multitask,@/@@_class,test,40
0.8336842105263158,0.5373186100548619,0.7684210526315789,0.7731958762886598,0.8338867811284112,2,chemprop,exp_2_cip_rs_multitask,F/L_class,test,40
0.4828070702197432,-0.010925819436457734,0.4945370902817711,0.4945370902817711,0.48184966898917253,3,chemprop,exp_2_cip_rs_multitask,R/S_class,train,43
0.5099048616110269,0.01380607839410745,0.5069005175388154,0.5134751773049645,0.5032181302429547,3,chemprop,exp_2_cip_rs_multitask,@/@@_class,train,43
0.4878735010933756,-0.025880295706926827,0.4870615296147211,0.49115801483171706,0.4991455957560763,3,chemprop,exp_2_cip_rs_multitask,F/L_class,train,43
0.9995567867036012,0.9789473684210527,0.9894736842105263,0.9894736842105263,0.9995669625190798,3,chemprop,exp_2_cip_rs_multitask,R/S_class,val,43
0.8229362880886426,0.34860667712066296,0.6736842105263158,0.6868686868686869,0.8253088559079022,3,chemprop,exp_2_cip_rs_multitask,@/@@_class,val,43
0.7413850415512464,0.4001995952775779,0.7,0.7046632124352331,0.7303762954974492,3,chemprop,exp_2_cip_rs_multitask,F/L_class,val,43
1.0,0.9895285072531597,0.9947368421052631,0.9947089947089947,1.0000000000000002,3,chemprop,exp_2_cip_rs_multitask,R/S_class,test,43
0.8388919667590027,0.5473987486932372,0.7736842105263158,0.774869109947644,0.8289482793662488,3,chemprop,exp_2_cip_rs_multitask,@/@@_class,test,43
0.7986703601108034,0.47410465593076045,0.7368421052631579,0.7422680412371134,0.7683120276986712,3,chemprop,exp_2_cip_rs_multitask,F/L_class,test,43
0.5034009882541075,0.014951123806078699,0.50747556066705,0.5073339085418465,0.502820132867729,4,chemprop,exp_2_cip_rs_multitask,R/S_class,train,50
0.49912718439506887,-0.003450464722631888,0.49827487061529613,0.5010008578781813,0.49705019515613147,4,chemprop,exp_2_cip_rs_multitask,@/@@_class,train,50
0.5074274475128475,0.01498057772852188,0.50747556066705,0.4915405164737311,0.5081533846379873,4,chemprop,exp_2_cip_rs_multitask,F/L_class,train,50
0.9998891966759003,0.9789473684210527,0.9894736842105263,0.9894736842105263,0.9998903508771931,4,chemprop,exp_2_cip_rs_multitask,R/S_class,val,50
0.8319113573407202,0.5162472920134947,0.7578947368421053,0.7628865979381443,0.836083062424395,4,chemprop,exp_2_cip_rs_multitask,@/@@_class,val,50
0.8460941828254848,0.601200267925542,0.8,0.7934782608695652,0.841515929042215,4,chemprop,exp_2_cip_rs_multitask,F/L_class,val,50
0.9997783933518006,0.9789473684210527,0.9894736842105263,0.9894736842105263,0.9997829625610419,4,chemprop,exp_2_cip_rs_multitask,R/S_class,test,50
0.8290304709141274,0.44232586846469135,0.7210526315789474,0.7165775401069518,0.8309791713191192,4,chemprop,exp_2_cip_rs_multitask,@/@@_class,test,50
0.8365650969529086,0.5373186100548619,0.7684210526315789,0.7634408602150538,0.8366799300040546,4,chemprop,exp_2_cip_rs_multitask,F/L_class,test,50
