AUROC,MCC,Accuracy,F1,AUPRC,fold,model,featurization,target
0.9403878116343489,0.6746192341692543,0.8368421052631579,0.841025641025641,0.9421852864290878,0,RF,morgan_count_chiral,R/S_class
0.9385595567867037,0.7052631578947368,0.8526315789473684,0.8526315789473684,0.9460380468659303,1,RF,morgan_count_chiral,R/S_class
0.950027700831025,0.7167829363048326,0.8578947368421053,0.8540540540540541,0.9495774230813582,2,RF,morgan_count_chiral,R/S_class
0.934016620498615,0.6631578947368421,0.8315789473684211,0.8315789473684211,0.9377967632369998,3,RF,morgan_count_chiral,R/S_class
0.9581163434903046,0.7052631578947368,0.8526315789473684,0.8526315789473684,0.9606538334195098,4,RF,morgan_count_chiral,R/S_class
0.8243767313019391,0.48445214165180484,0.7421052631578947,0.7461139896373057,0.8405989899953181,0,RF,morgan_count_chiral,@/@@_class
0.8322991689750693,0.4948465155364719,0.7473684210526316,0.75,0.8336914034358892,1,RF,morgan_count_chiral,@/@@_class
0.7750692520775624,0.32660542964119055,0.6631578947368421,0.6701030927835051,0.7984767490099091,2,RF,morgan_count_chiral,@/@@_class
0.8247645429362881,0.4216370213557839,0.7105263157894737,0.717948717948718,0.8358577455758873,3,RF,morgan_count_chiral,@/@@_class
0.7582271468144045,0.37248799980822556,0.6842105263157895,0.7058823529411765,0.744791887500736,4,RF,morgan_count_chiral,@/@@_class
0.8579501385041551,0.5159038140699388,0.7578947368421053,0.7553191489361702,0.8517488975765816,0,RF,morgan_count_chiral,F/L_class
0.8769529085872576,0.5473987486932372,0.7736842105263158,0.7724867724867724,0.8680048873510195,1,RF,morgan_count_chiral,F/L_class
0.8771191135734072,0.5687046880260318,0.7842105263157895,0.7875647668393783,0.8814816894134468,2,RF,morgan_count_chiral,F/L_class
0.8437119113573407,0.47410465593076045,0.7368421052631579,0.7311827956989247,0.8452288925498803,3,RF,morgan_count_chiral,F/L_class
0.8628254847645428,0.5473987486932372,0.7736842105263158,0.774869109947644,0.8597335196239908,4,RF,morgan_count_chiral,F/L_class
0.5,0.0,0.5,0.4808743169398907,0.5000000000000001,0,RF,morgan_count_no_chiral,R/S_class
0.5,0.0,0.5,0.4508670520231214,0.5000000000000001,1,RF,morgan_count_no_chiral,R/S_class
0.5,0.0,0.5,0.4973544973544973,0.5000000000000001,2,RF,morgan_count_no_chiral,R/S_class
0.5,0.0,0.5,0.5226130653266332,0.5000000000000001,3,RF,morgan_count_no_chiral,R/S_class
0.5,0.0,0.5,0.4864864864864865,0.5000000000000001,4,RF,morgan_count_no_chiral,R/S_class
0.5,0.0,0.5,0.47513812154696133,0.5000000000000001,0,RF,morgan_count_no_chiral,@/@@_class
0.5,0.0,0.5,0.4692737430167598,0.5000000000000001,1,RF,morgan_count_no_chiral,@/@@_class
0.5,0.0,0.5,0.5128205128205128,0.5000000000000001,2,RF,morgan_count_no_chiral,@/@@_class
0.5,0.0,0.5,0.4864864864864865,0.5000000000000001,3,RF,morgan_count_no_chiral,@/@@_class
0.5,0.0,0.5,0.5410628019323671,0.5000000000000001,4,RF,morgan_count_no_chiral,@/@@_class
0.5,0.0,0.5,0.5226130653266332,0.5000000000000001,0,RF,morgan_count_no_chiral,F/L_class
0.5,0.0,0.5,0.4311377245508982,0.5000000000000001,1,RF,morgan_count_no_chiral,F/L_class
0.5,0.0,0.5,0.4919786096256685,0.5000000000000001,2,RF,morgan_count_no_chiral,F/L_class
0.5,0.0,0.5,0.4864864864864865,0.5000000000000001,3,RF,morgan_count_no_chiral,F/L_class
0.5,0.0,0.5,0.4508670520231214,0.5000000000000001,4,RF,morgan_count_no_chiral,F/L_class
0.9561218836565097,0.727532837268552,0.8578947368421053,0.8695652173913043,0.953358663540678,0,RF,morgan_delta_opp,R/S_class
0.9198337950138504,0.6132846549348298,0.8052631578947368,0.7955801104972375,0.9245220053854684,1,RF,morgan_delta_opp,R/S_class
0.9621052631578947,0.8036143754318459,0.9,0.8950276243093923,0.9546473042693631,2,RF,morgan_delta_opp,R/S_class
0.8844321329639889,0.531313927552782,0.7631578947368421,0.7783251231527094,0.887603043024842,3,RF,morgan_delta_opp,R/S_class
0.9603324099722992,0.765092055676006,0.8789473684210526,0.8700564971751412,0.956129069815362,4,RF,morgan_delta_opp,R/S_class
0.7997783933518006,0.4450990985692622,0.7210526315789474,0.736318407960199,0.8089943852862918,0,RF,morgan_delta_opp,@/@@_class
0.7818282548476454,0.37139590363795033,0.6842105263157895,0.6629213483146067,0.7906127668298565,1,RF,morgan_delta_opp,@/@@_class
0.7412188365650969,0.3077280344428731,0.6526315789473685,0.6732673267326733,0.7501127891342292,2,RF,morgan_delta_opp,@/@@_class
0.7971191135734073,0.38065944099403226,0.6894736842105263,0.7035175879396985,0.8077070448962012,3,RF,morgan_delta_opp,@/@@_class
0.747590027700831,0.363766418634276,0.6789473684210526,0.7053140096618358,0.7276360208392207,4,RF,morgan_delta_opp,@/@@_class
0.8526315789473684,0.5232642267732821,0.7578947368421053,0.735632183908046,0.8528504824470785,0,RF,morgan_delta_opp,F/L_class
0.8937396121883657,0.6182820774312703,0.8052631578947368,0.7885714285714286,0.8840940187690258,1,RF,morgan_delta_opp,F/L_class
0.8783379501385041,0.5756419341601482,0.7842105263157895,0.7657142857142857,0.8790746704968434,2,RF,morgan_delta_opp,F/L_class
0.8380055401662049,0.4975007565834653,0.7473684210526316,0.7333333333333333,0.8327181449463177,3,RF,morgan_delta_opp,F/L_class
0.843213296398892,0.5214831997315158,0.7578947368421053,0.7386363636363636,0.8444747052153797,4,RF,morgan_delta_opp,F/L_class
0.9377285318559556,0.6767278951005018,0.8368421052631579,0.8287292817679558,0.9335798719868744,0,RF,morgan_delta_nos,R/S_class
0.9084764542936288,0.5969620057957092,0.7947368421052632,0.7771428571428571,0.9101139775855384,1,RF,morgan_delta_nos,R/S_class
0.9394459833795014,0.6880329612324521,0.8421052631578947,0.8333333333333334,0.9350420251557117,2,RF,morgan_delta_nos,R/S_class
0.8853739612188365,0.5640532568524559,0.7789473684210526,0.7613636363636364,0.8962800895016466,3,RF,morgan_delta_nos,R/S_class
0.9490304709141275,0.7092032061934506,0.8526315789473684,0.8444444444444444,0.9409825209490252,4,RF,morgan_delta_nos,R/S_class
0.7844875346260387,0.4050813610756598,0.7,0.7219512195121951,0.7983549479304097,0,RF,morgan_delta_nos,@/@@_class
0.7735180055401661,0.34930904185647565,0.6736842105263158,0.69,0.7837180569154107,1,RF,morgan_delta_nos,@/@@_class
0.740443213296399,0.3166502481905618,0.6578947368421053,0.6700507614213198,0.7547841437033069,2,RF,morgan_delta_nos,@/@@_class
0.7785595567867035,0.3391231227194379,0.6684210526315789,0.6480446927374302,0.7952554870054028,3,RF,morgan_delta_nos,@/@@_class
0.7174515235457063,0.2660628570058754,0.631578947368421,0.6568627450980392,0.7092761401195484,4,RF,morgan_delta_nos,@/@@_class
0.8742382271468144,0.6033519813884579,0.8,0.7888888888888889,0.8561954179967077,0,RF,morgan_delta_nos,F/L_class
0.8568421052631578,0.5001981711710458,0.7473684210526316,0.7272727272727273,0.8441015933989375,1,RF,morgan_delta_nos,F/L_class
0.8473684210526315,0.494195298982571,0.7421052631578947,0.7134502923976608,0.8468449529534836,2,RF,morgan_delta_nos,F/L_class
0.8242105263157894,0.48748948890919197,0.7421052631578947,0.7262569832402235,0.8192699142907822,3,RF,morgan_delta_nos,F/L_class
0.8411080332409971,0.4921545663875499,0.7421052631578947,0.7167630057803468,0.8423010970638969,4,RF,morgan_delta_nos,F/L_class
0.9463157894736842,0.6880329612324521,0.8421052631578947,0.85,0.9471500032814949,0,RF,morgan_cgr,R/S_class
0.9234349030470914,0.6740203709938154,0.8368421052631579,0.8342245989304813,0.9235261703972213,1,RF,morgan_cgr,R/S_class
0.945595567867036,0.736882930933204,0.868421052631579,0.8677248677248677,0.945062083558174,2,RF,morgan_cgr,R/S_class
0.8885872576177285,0.5897678246195885,0.7947368421052632,0.7979274611398963,0.9039997502406429,3,RF,morgan_cgr,R/S_class
0.950360110803324,0.7401711352661738,0.868421052631579,0.8743718592964824,0.9461219496333365,4,RF,morgan_cgr,R/S_class
0.8173961218836565,0.4450990985692622,0.7210526315789474,0.736318407960199,0.8282795571964685,0,RF,morgan_cgr,@/@@_class
0.7702493074792243,0.3579145664532705,0.6789473684210526,0.680628272251309,0.7772851214877533,1,RF,morgan_cgr,@/@@_class
0.7472576177285319,0.30526315789473685,0.6526315789473685,0.6526315789473685,0.7679779303076544,2,RF,morgan_cgr,@/@@_class
0.8012742382271467,0.39025280549552727,0.6947368421052632,0.7040816326530612,0.8143388431584174,3,RF,morgan_cgr,@/@@_class
0.7566759002770083,0.41198970932441986,0.7052631578947368,0.7171717171717171,0.7549152215167867,4,RF,morgan_cgr,@/@@_class
0.8603324099722992,0.5075459213253763,0.7526315789473684,0.7403314917127072,0.8646193980076536,0,RF,morgan_cgr,F/L_class
0.8747368421052631,0.6108309612131453,0.8052631578947368,0.8082901554404145,0.8569404877819926,1,RF,morgan_cgr,F/L_class
0.8705817174515236,0.5692099788303082,0.7842105263157895,0.7897435897435897,0.8738701255715342,2,RF,morgan_cgr,F/L_class
0.8399445983379502,0.45353704422453167,0.7263157894736842,0.7346938775510204,0.8375930837811205,3,RF,morgan_cgr,F/L_class
0.8504155124653741,0.4975007565834653,0.7473684210526316,0.7333333333333333,0.8522732331218772,4,RF,morgan_cgr,F/L_class
